{
  "train_sizes": [
    1553.0,
    5049.0,
    8544.0,
    12040.0,
    15536.0
  ],
  "train_scores": [
    2869.1268387385344,
    14277.444243439959,
    21320.34206944516,
    25921.57765971772,
    29260.198747242423
  ],
  "test_scores": [
    92326.83278514593,
    78098.51314234377,
    71784.81295873577,
    67498.87349603948,
    65219.39183570324
  ]
}