{
  "MAE": [
    125.77043377162254,
    192.60991580133427
  ],
  "MSE": [
    29170.565509345495,
    66480.00581902596
  ],
  "RMSE": [
    170.7939270271209,
    257.8371691960373
  ],
  "R\u00b2": [
    0.8748404400501164,
    0.7236677875226956
  ]
}